,Product,Cost
0,LOIS CARON,₹379
1,HYMT,₹559
2,XN XEEZOS,₹299
3,Daniel Jubile,₹251
4,Daniel Jubile,₹251
5,Daniel Jubile,₹251
6,Daniel Jubile,₹251
7,HMTr,₹359
8,casera,₹296
9,PIRASO,₹288
10,Blue Pearl,₹369
11,LOIS CARON,₹379
12,Shocknshop,₹239
13,Rizzly,₹269
14,Shivark,₹229
15,Fogg,₹359
16,just like,₹284
17,Praizy,₹199
18,NESTER,₹248
19,Fogg,₹359
20,PIRASO,₹375
21,LOIS CARON,₹379
22,RUSTET,₹299
23,Espoir,₹331
24,SKMEI,₹395
25,ANALOGUE,₹278
26,SKMEI,₹399
27,LOIS CARON,₹360
28,SKMEI,₹416
29,Shocknshop,₹239
30,Daniel Jubile,₹269
31,Benling,₹999
32,hala,₹339
33,SPLAZOS,₹259
34,hrnt,₹406
35,Jaxer,₹312
36,Fogg,₹359
37,Harbor,₹270
38,BRITEX,₹251
39,Buccachi,₹369
